-- Fix seed data: replace human-readable string IDs with proper UUIDs
-- The Rust code expects UUID-format strings; old IDs like 'rest-padthai-0001'
-- were silently parsed as nil UUID (00000000-0000-0000-0000-000000000000)

-- Clean ALL old data (demo env, no real users yet)
-- Order matters: children before parents due to FK constraints
DELETE FROM disputes;
DELETE FROM payments;
DELETE FROM order_items;
DELETE FROM orders;
DELETE FROM menu_items;
DELETE FROM couriers;
DELETE FROM restaurants;
DELETE FROM zones;

-- Zones (6)
INSERT OR IGNORE INTO zones (id, name) VALUES
    ('a1b2c3d4-0001-4000-8000-000000000001', 'Downtown LA'),
    ('a1b2c3d4-0002-4000-8000-000000000002', 'Hollywood'),
    ('a1b2c3d4-0003-4000-8000-000000000003', 'Venice'),
    ('a1b2c3d4-0004-4000-8000-000000000004', 'Santa Monica'),
    ('a1b2c3d4-0005-4000-8000-000000000005', 'Koreatown'),
    ('a1b2c3d4-0006-4000-8000-000000000006', 'Silver Lake');

-- Restaurants: Downtown LA (5)
INSERT OR IGNORE INTO restaurants (id, name, zone_id, active) VALUES
    ('b1000001-0001-4000-8000-000000000001', 'Pad Thai Palace',          'a1b2c3d4-0001-4000-8000-000000000001', 1),
    ('b1000001-0002-4000-8000-000000000002', 'Sushi Wave',               'a1b2c3d4-0001-4000-8000-000000000001', 1),
    ('b1000001-0003-4000-8000-000000000003', 'Grand Market Noodles',     'a1b2c3d4-0001-4000-8000-000000000001', 1),
    ('b1000001-0004-4000-8000-000000000004', 'Arts District Smokehouse', 'a1b2c3d4-0001-4000-8000-000000000001', 1);

-- Restaurants: Hollywood (2)
INSERT OR IGNORE INTO restaurants (id, name, zone_id, active) VALUES
    ('b1000002-0001-4000-8000-000000000005', 'Taco Libre',       'a1b2c3d4-0002-4000-8000-000000000002', 1),
    ('b1000002-0002-4000-8000-000000000006', 'Sunset Strip Poke','a1b2c3d4-0002-4000-8000-000000000002', 1);

-- Restaurants: Venice (3)
INSERT OR IGNORE INTO restaurants (id, name, zone_id, active) VALUES
    ('b1000003-0001-4000-8000-000000000007', 'Boardside Burgers',  'a1b2c3d4-0003-4000-8000-000000000003', 1),
    ('b1000003-0002-4000-8000-000000000008', 'Venice Pizza Co',    'a1b2c3d4-0003-4000-8000-000000000003', 1),
    ('b1000003-0003-4000-8000-000000000009', 'Abbot Kinney Bowls', 'a1b2c3d4-0003-4000-8000-000000000003', 1);

-- Restaurants: Santa Monica (3)
INSERT OR IGNORE INTO restaurants (id, name, zone_id, active) VALUES
    ('b1000004-0001-4000-8000-00000000000a', 'Bay Sushi House',       'a1b2c3d4-0004-4000-8000-000000000004', 1),
    ('b1000004-0002-4000-8000-00000000000b', 'Promenade Deli',        'a1b2c3d4-0004-4000-8000-000000000004', 1),
    ('b1000004-0003-4000-8000-00000000000c', 'Santa Monica Taqueria', 'a1b2c3d4-0004-4000-8000-000000000004', 1);

-- Restaurants: Koreatown (3)
INSERT OR IGNORE INTO restaurants (id, name, zone_id, active) VALUES
    ('b1000005-0001-4000-8000-00000000000d', 'Seoul Q BBQ',          'a1b2c3d4-0005-4000-8000-000000000005', 1),
    ('b1000005-0002-4000-8000-00000000000e', 'K-Bird Fried Chicken', 'a1b2c3d4-0005-4000-8000-000000000005', 1),
    ('b1000005-0003-4000-8000-00000000000f', 'Bingsu Mountain',      'a1b2c3d4-0005-4000-8000-000000000005', 1);

-- Restaurants: Silver Lake (3)
INSERT OR IGNORE INTO restaurants (id, name, zone_id, active) VALUES
    ('b1000006-0001-4000-8000-000000000010', 'Silver Lake Coffee & Bites', 'a1b2c3d4-0006-4000-8000-000000000006', 1),
    ('b1000006-0002-4000-8000-000000000011', 'Sunset Blvd Thai',          'a1b2c3d4-0006-4000-8000-000000000006', 1),
    ('b1000006-0003-4000-8000-000000000012', 'Hyperion Street Eats',      'a1b2c3d4-0006-4000-8000-000000000006', 1);

-- Menu items: Pad Thai Palace
INSERT OR IGNORE INTO menu_items (id, restaurant_id, name, price) VALUES
    ('c1000001-0001-4000-8000-000000000001', 'b1000001-0001-4000-8000-000000000001', 'Pad Thai',     '12.99'),
    ('c1000001-0002-4000-8000-000000000002', 'b1000001-0001-4000-8000-000000000001', 'Tom Yum Soup', '8.99'),
    ('c1000001-0003-4000-8000-000000000003', 'b1000001-0001-4000-8000-000000000001', 'Green Curry',  '14.99');

-- Menu items: Sushi Wave
INSERT OR IGNORE INTO menu_items (id, restaurant_id, name, price) VALUES
    ('c1000002-0001-4000-8000-000000000004', 'b1000001-0002-4000-8000-000000000002', 'California Roll', '10.99'),
    ('c1000002-0002-4000-8000-000000000005', 'b1000001-0002-4000-8000-000000000002', 'Salmon Nigiri',   '13.99'),
    ('c1000002-0003-4000-8000-000000000006', 'b1000001-0002-4000-8000-000000000002', 'Miso Soup',       '4.99');

-- Menu items: Grand Market Noodles
INSERT OR IGNORE INTO menu_items (id, restaurant_id, name, price) VALUES
    ('c1000003-0001-4000-8000-000000000007', 'b1000001-0003-4000-8000-000000000003', 'Beef Pho',          '14.99'),
    ('c1000003-0002-4000-8000-000000000008', 'b1000001-0003-4000-8000-000000000003', 'Dan Dan Noodles',   '12.99'),
    ('c1000003-0003-4000-8000-000000000009', 'b1000001-0003-4000-8000-000000000003', 'Wonton Soup',       '10.99'),
    ('c1000003-0004-4000-8000-00000000000a', 'b1000001-0003-4000-8000-000000000003', 'Char Siu Bao',      '7.99'),
    ('c1000003-0005-4000-8000-00000000000b', 'b1000001-0003-4000-8000-000000000003', 'Shrimp Dumplings',  '11.99');

-- Menu items: Arts District Smokehouse
INSERT OR IGNORE INTO menu_items (id, restaurant_id, name, price) VALUES
    ('c1000004-0001-4000-8000-00000000000c', 'b1000001-0004-4000-8000-000000000004', 'Brisket Plate',          '19.99'),
    ('c1000004-0002-4000-8000-00000000000d', 'b1000001-0004-4000-8000-000000000004', 'Pulled Pork Plate',      '16.99'),
    ('c1000004-0003-4000-8000-00000000000e', 'b1000001-0004-4000-8000-000000000004', 'Smoked Ribs Half Rack',  '22.99'),
    ('c1000004-0004-4000-8000-00000000000f', 'b1000001-0004-4000-8000-000000000004', 'Cornbread',              '4.99'),
    ('c1000004-0005-4000-8000-000000000010', 'b1000001-0004-4000-8000-000000000004', 'Baked Beans',            '5.99');

-- Menu items: Taco Libre
INSERT OR IGNORE INTO menu_items (id, restaurant_id, name, price) VALUES
    ('c1000005-0001-4000-8000-000000000011', 'b1000002-0001-4000-8000-000000000005', 'Street Tacos',  '9.99'),
    ('c1000005-0002-4000-8000-000000000012', 'b1000002-0001-4000-8000-000000000005', 'Burrito Bowl',  '11.99'),
    ('c1000005-0003-4000-8000-000000000013', 'b1000002-0001-4000-8000-000000000005', 'Churros',       '5.99');

-- Menu items: Sunset Strip Poke
INSERT OR IGNORE INTO menu_items (id, restaurant_id, name, price) VALUES
    ('c1000006-0001-4000-8000-000000000014', 'b1000002-0002-4000-8000-000000000006', 'Ahi Poke Bowl',    '16.99'),
    ('c1000006-0002-4000-8000-000000000015', 'b1000002-0002-4000-8000-000000000006', 'Salmon Poke Bowl', '15.99'),
    ('c1000006-0003-4000-8000-000000000016', 'b1000002-0002-4000-8000-000000000006', 'Tofu Poke Bowl',   '13.99'),
    ('c1000006-0004-4000-8000-000000000017', 'b1000002-0002-4000-8000-000000000006', 'Seaweed Salad',    '6.99'),
    ('c1000006-0005-4000-8000-000000000018', 'b1000002-0002-4000-8000-000000000006', 'Coconut Water',    '3.99');

-- Menu items: Boardside Burgers
INSERT OR IGNORE INTO menu_items (id, restaurant_id, name, price) VALUES
    ('c1000007-0001-4000-8000-000000000019', 'b1000003-0001-4000-8000-000000000007', 'Classic Smash Burger', '11.99'),
    ('c1000007-0002-4000-8000-00000000001a', 'b1000003-0001-4000-8000-000000000007', 'Truffle Fries',        '7.49'),
    ('c1000007-0003-4000-8000-00000000001b', 'b1000003-0001-4000-8000-000000000007', 'BBQ Bacon Burger',     '14.99'),
    ('c1000007-0004-4000-8000-00000000001c', 'b1000003-0001-4000-8000-000000000007', 'Milkshake',            '6.99'),
    ('c1000007-0005-4000-8000-00000000001d', 'b1000003-0001-4000-8000-000000000007', 'Chicken Sandwich',     '12.49');

-- Menu items: Venice Pizza Co
INSERT OR IGNORE INTO menu_items (id, restaurant_id, name, price) VALUES
    ('c1000008-0001-4000-8000-00000000001e', 'b1000003-0002-4000-8000-000000000008', 'Margherita Pizza', '15.99'),
    ('c1000008-0002-4000-8000-00000000001f', 'b1000003-0002-4000-8000-000000000008', 'Pepperoni Pizza',  '17.99'),
    ('c1000008-0003-4000-8000-000000000020', 'b1000003-0002-4000-8000-000000000008', 'Caesar Salad',     '9.99'),
    ('c1000008-0004-4000-8000-000000000021', 'b1000003-0002-4000-8000-000000000008', 'Garlic Knots',     '5.99'),
    ('c1000008-0005-4000-8000-000000000022', 'b1000003-0002-4000-8000-000000000008', 'Tiramisu',         '8.99');

-- Menu items: Abbot Kinney Bowls
INSERT OR IGNORE INTO menu_items (id, restaurant_id, name, price) VALUES
    ('c1000009-0001-4000-8000-000000000023', 'b1000003-0003-4000-8000-000000000009', 'Acai Bowl',       '13.99'),
    ('c1000009-0002-4000-8000-000000000024', 'b1000003-0003-4000-8000-000000000009', 'Poke Bowl',       '15.99'),
    ('c1000009-0003-4000-8000-000000000025', 'b1000003-0003-4000-8000-000000000009', 'Smoothie Bowl',   '11.99'),
    ('c1000009-0004-4000-8000-000000000026', 'b1000003-0003-4000-8000-000000000009', 'Grain Bowl',      '14.49'),
    ('c1000009-0005-4000-8000-000000000027', 'b1000003-0003-4000-8000-000000000009', 'Avocado Toast',   '10.99');

-- Menu items: Bay Sushi House
INSERT OR IGNORE INTO menu_items (id, restaurant_id, name, price) VALUES
    ('c100000a-0001-4000-8000-000000000028', 'b1000004-0001-4000-8000-00000000000a', 'Omakase Roll',    '18.99'),
    ('c100000a-0002-4000-8000-000000000029', 'b1000004-0001-4000-8000-00000000000a', 'Salmon Sashimi',  '16.99'),
    ('c100000a-0003-4000-8000-00000000002a', 'b1000004-0001-4000-8000-00000000000a', 'Spicy Tuna Roll', '14.99'),
    ('c100000a-0004-4000-8000-00000000002b', 'b1000004-0001-4000-8000-00000000000a', 'Edamame',         '5.99'),
    ('c100000a-0005-4000-8000-00000000002c', 'b1000004-0001-4000-8000-00000000000a', 'Miso Ramen',      '15.99'),
    ('c100000a-0006-4000-8000-00000000002d', 'b1000004-0001-4000-8000-00000000000a', 'Gyoza',           '8.99');

-- Menu items: Promenade Deli
INSERT OR IGNORE INTO menu_items (id, restaurant_id, name, price) VALUES
    ('c100000b-0001-4000-8000-00000000002e', 'b1000004-0002-4000-8000-00000000000b', 'Turkey Club',       '13.99'),
    ('c100000b-0002-4000-8000-00000000002f', 'b1000004-0002-4000-8000-00000000000b', 'Reuben Sandwich',   '14.99'),
    ('c100000b-0003-4000-8000-000000000030', 'b1000004-0002-4000-8000-00000000000b', 'Matzo Ball Soup',   '9.99'),
    ('c100000b-0004-4000-8000-000000000031', 'b1000004-0002-4000-8000-00000000000b', 'Bagel & Lox',       '12.99'),
    ('c100000b-0005-4000-8000-000000000032', 'b1000004-0002-4000-8000-00000000000b', 'Pastrami on Rye',   '15.49');

-- Menu items: Santa Monica Taqueria
INSERT OR IGNORE INTO menu_items (id, restaurant_id, name, price) VALUES
    ('c100000c-0001-4000-8000-000000000033', 'b1000004-0003-4000-8000-00000000000c', 'Carne Asada Tacos', '11.99'),
    ('c100000c-0002-4000-8000-000000000034', 'b1000004-0003-4000-8000-00000000000c', 'Fish Tacos',        '12.99'),
    ('c100000c-0003-4000-8000-000000000035', 'b1000004-0003-4000-8000-00000000000c', 'Burrito Supreme',   '13.99'),
    ('c100000c-0004-4000-8000-000000000036', 'b1000004-0003-4000-8000-00000000000c', 'Elote',             '4.99'),
    ('c100000c-0005-4000-8000-000000000037', 'b1000004-0003-4000-8000-00000000000c', 'Horchata',          '3.99');

-- Menu items: Seoul Q BBQ
INSERT OR IGNORE INTO menu_items (id, restaurant_id, name, price) VALUES
    ('c100000d-0001-4000-8000-000000000038', 'b1000005-0001-4000-8000-00000000000d', 'Galbi Set',           '24.99'),
    ('c100000d-0002-4000-8000-000000000039', 'b1000005-0001-4000-8000-00000000000d', 'Bulgogi',             '19.99'),
    ('c100000d-0003-4000-8000-00000000003a', 'b1000005-0001-4000-8000-00000000000d', 'Japchae',             '13.99'),
    ('c100000d-0004-4000-8000-00000000003b', 'b1000005-0001-4000-8000-00000000000d', 'Kimchi Jjigae',       '14.99'),
    ('c100000d-0005-4000-8000-00000000003c', 'b1000005-0001-4000-8000-00000000000d', 'Bibimbap',            '16.99'),
    ('c100000d-0006-4000-8000-00000000003d', 'b1000005-0001-4000-8000-00000000000d', 'Korean Fried Tofu',   '10.99');

-- Menu items: K-Bird Fried Chicken
INSERT OR IGNORE INTO menu_items (id, restaurant_id, name, price) VALUES
    ('c100000e-0001-4000-8000-00000000003e', 'b1000005-0002-4000-8000-00000000000e', 'Crispy Chicken Combo', '14.99'),
    ('c100000e-0002-4000-8000-00000000003f', 'b1000005-0002-4000-8000-00000000000e', 'Spicy Wings',          '12.99'),
    ('c100000e-0003-4000-8000-000000000040', 'b1000005-0002-4000-8000-00000000000e', 'Chicken Sandwich',     '11.99'),
    ('c100000e-0004-4000-8000-000000000041', 'b1000005-0002-4000-8000-00000000000e', 'Tteokbokki',           '9.99'),
    ('c100000e-0005-4000-8000-000000000042', 'b1000005-0002-4000-8000-00000000000e', 'Corn Cheese',          '7.99');

-- Menu items: Bingsu Mountain
INSERT OR IGNORE INTO menu_items (id, restaurant_id, name, price) VALUES
    ('c100000f-0001-4000-8000-000000000043', 'b1000005-0003-4000-8000-00000000000f', 'Mango Bingsu',    '12.99'),
    ('c100000f-0002-4000-8000-000000000044', 'b1000005-0003-4000-8000-00000000000f', 'Matcha Bingsu',   '13.99'),
    ('c100000f-0003-4000-8000-000000000045', 'b1000005-0003-4000-8000-00000000000f', 'Red Bean Bingsu', '11.99'),
    ('c100000f-0004-4000-8000-000000000046', 'b1000005-0003-4000-8000-00000000000f', 'Hotteok',         '6.99'),
    ('c100000f-0005-4000-8000-000000000047', 'b1000005-0003-4000-8000-00000000000f', 'Taro Milk Tea',   '5.99');

-- Menu items: Silver Lake Coffee & Bites
INSERT OR IGNORE INTO menu_items (id, restaurant_id, name, price) VALUES
    ('c1000010-0001-4000-8000-000000000048', 'b1000006-0001-4000-8000-000000000010', 'Avocado Egg Sandwich', '11.99'),
    ('c1000010-0002-4000-8000-000000000049', 'b1000006-0001-4000-8000-000000000010', 'Oat Milk Latte',       '5.99'),
    ('c1000010-0003-4000-8000-00000000004a', 'b1000006-0001-4000-8000-000000000010', 'Banana Bread',         '4.49'),
    ('c1000010-0004-4000-8000-00000000004b', 'b1000006-0001-4000-8000-000000000010', 'Breakfast Burrito',    '10.99'),
    ('c1000010-0005-4000-8000-00000000004c', 'b1000006-0001-4000-8000-000000000010', 'Granola Parfait',      '8.99');

-- Menu items: Sunset Blvd Thai
INSERT OR IGNORE INTO menu_items (id, restaurant_id, name, price) VALUES
    ('c1000011-0001-4000-8000-00000000004d', 'b1000006-0002-4000-8000-000000000011', 'Pad See Ew',         '13.99'),
    ('c1000011-0002-4000-8000-00000000004e', 'b1000006-0002-4000-8000-000000000011', 'Massaman Curry',     '15.99'),
    ('c1000011-0003-4000-8000-00000000004f', 'b1000006-0002-4000-8000-000000000011', 'Larb Gai',           '12.99'),
    ('c1000011-0004-4000-8000-000000000050', 'b1000006-0002-4000-8000-000000000011', 'Mango Sticky Rice',  '8.99'),
    ('c1000011-0005-4000-8000-000000000051', 'b1000006-0002-4000-8000-000000000011', 'Thai Iced Tea',      '4.99');

-- Menu items: Hyperion Street Eats
INSERT OR IGNORE INTO menu_items (id, restaurant_id, name, price) VALUES
    ('c1000012-0001-4000-8000-000000000052', 'b1000006-0003-4000-8000-000000000012', 'Nashville Hot Chicken',  '14.99'),
    ('c1000012-0002-4000-8000-000000000053', 'b1000006-0003-4000-8000-000000000012', 'Mac & Cheese',           '8.99'),
    ('c1000012-0003-4000-8000-000000000054', 'b1000006-0003-4000-8000-000000000012', 'Loaded Fries',           '9.99'),
    ('c1000012-0004-4000-8000-000000000055', 'b1000006-0003-4000-8000-000000000012', 'Pulled Pork Sandwich',   '13.49'),
    ('c1000012-0005-4000-8000-000000000056', 'b1000006-0003-4000-8000-000000000012', 'Coleslaw',               '4.99');
